Quantity of product,Income,Cost,Net Income,Avg Cost
4627,259112,639772.64,-380660.64,138.27
4635,259560,639743.6799999999,-380183.67999999993,138.02
