Quantity of product,Income,Cost,Net Income,Avg Cost
9205,515480,396577.59,118902.40999999997,43.08
9196,514976,396202.6,118773.40000000002,43.08
