Quantity of product,Income,Cost,Net Income,Avg Cost
4753,266168,616970.3200000001,-350802.32000000007,129.81
4775,267400,617306.0,-349906.0,129.28
