Quantity of product,Income,Cost,Net Income,Avg Cost
4478,250768,622615.56,-371847.56000000006,139.04
4476,250656,622966.8400000001,-372310.8400000001,139.18
