Quantity of product,Income,Cost,Net Income,Avg Cost
6005,336280,559966.52,-223686.52000000002,93.25
6009,336504,560019.4,-223515.40000000002,93.2
