Quantity of product,Income,Cost,Net Income,Avg Cost
4147,232232,690483.96,-458251.95999999996,166.5
4160,232960,690052.05,-457092.05000000005,165.88
