Quantity of product,Income,Cost,Net Income,Avg Cost
3559,199304,665673.6799999999,-466369.67999999993,187.04
3574,200144,666466.25,-466322.25,186.48
