Quantity of product,Income,Cost,Net Income,Avg Cost
4623,258888,640013.06,-381125.06000000006,138.44
4619,258664,638915.06,-380251.06000000006,138.32
