Quantity of product,Income,Cost,Net Income,Avg Cost
4624,258944,639788.37,-380844.37,138.36
4653,260568,640457.1599999999,-379889.1599999999,137.64
