Quantity of product,Income,Cost,Net Income,Avg Cost
4504,252224,623476.6599999999,-371252.6599999999,138.43
4472,250432,622685.73,-372253.73,139.24
