Quantity of product,Income,Cost,Net Income,Avg Cost
7066,395696,560025.5800000001,-164329.58000000007,79.26
6949,389144,559975.21,-170831.20999999996,80.58
