Quantity of product,Income,Cost,Net Income,Avg Cost
9205,515480,397347.76,118132.23999999999,43.17
9200,515200,396443.35,118756.65000000002,43.09
