Quantity of product,Income,Cost,Net Income,Avg Cost
7056,395136,559982.0800000001,-164846.08000000007,79.36
6997,391832,560019.94,-168187.93999999994,80.04
