Quantity of product,Income,Cost,Net Income,Avg Cost
4779,267624,598233.6100000001,-330609.6100000001,125.18
4792,268352,598270.13,-329918.13,124.85
