Quantity of product,Income,Cost,Net Income,Avg Cost
4146,232176,689976.6599999999,-457800.6599999999,166.42
4131,231336,689395.64,-458059.64,166.88
