Quantity of product,Income,Cost,Net Income,Avg Cost
4752,266112,617011.8400000001,-350899.8400000001,129.84
4708,263648,616412.29,-352764.29000000004,130.93
