Quantity of product,Income,Cost,Net Income,Avg Cost
5986,335216,560025.0800000001,-224809.08000000007,93.56
6008,336448,559972.8,-223524.80000000005,93.2
